insert into users (id, name, email, password_hash, role, created_at) values
('00000000-0000-0000-0000-000000000001', 'Daren Admin', 'admin@recruiting.local', '$2b$10$KsaZ9KCJ6ZT8ggGplRKuJ.88TC.5e.1hdLviA6tloCKxpVTfj.tUO', 'ADMIN', now() - interval '65 days'),
('00000000-0000-0000-0000-000000000002', 'Maya Recruiter', 'recruiter@recruiting.local', '$2b$10$KsaZ9KCJ6ZT8ggGplRKuJ.88TC.5e.1hdLviA6tloCKxpVTfj.tUO', 'RECRUITER', now() - interval '65 days');

insert into companies (id, name, industry, created_at) values
('10000000-0000-0000-0000-000000000001', 'Northstar Fintech', 'Payments', now() - interval '58 days'),
('10000000-0000-0000-0000-000000000002', 'Aster Cloud Health', 'Healthtech', now() - interval '57 days'),
('10000000-0000-0000-0000-000000000003', 'Copperleaf Commerce', 'Retail SaaS', now() - interval '56 days'),
('10000000-0000-0000-0000-000000000004', 'Brightline Data', 'Analytics', now() - interval '55 days'),
('10000000-0000-0000-0000-000000000005', 'OrbitOps', 'Developer Tools', now() - interval '54 days'),
('10000000-0000-0000-0000-000000000006', 'Verde Logistics', 'Supply Chain', now() - interval '53 days');

insert into vacancies (id, company_id, title, seniority_years, status, created_at) values
('20000000-0000-0000-0000-000000000001', '10000000-0000-0000-0000-000000000001', 'Senior Java Backend Engineer', 5, 'OPEN', now() - interval '52 days'),
('20000000-0000-0000-0000-000000000002', '10000000-0000-0000-0000-000000000001', 'React Frontend Engineer', 3, 'OPEN', now() - interval '51 days'),
('20000000-0000-0000-0000-000000000003', '10000000-0000-0000-0000-000000000002', 'Full Stack Health Platform Engineer', 4, 'OPEN', now() - interval '50 days'),
('20000000-0000-0000-0000-000000000004', '10000000-0000-0000-0000-000000000003', 'SQL Data Applications Engineer', 4, 'OPEN', now() - interval '49 days'),
('20000000-0000-0000-0000-000000000005', '10000000-0000-0000-0000-000000000004', 'Python Analytics Engineer', 3, 'OPEN', now() - interval '48 days'),
('20000000-0000-0000-0000-000000000006', '10000000-0000-0000-0000-000000000005', '.NET Platform Engineer', 5, 'OPEN', now() - interval '47 days'),
('20000000-0000-0000-0000-000000000007', '10000000-0000-0000-0000-000000000006', 'Integration Engineer Java SQL', 4, 'OPEN', now() - interval '46 days'),
('20000000-0000-0000-0000-000000000008', '10000000-0000-0000-0000-000000000002', 'Junior React Developer', 1, 'OPEN', now() - interval '45 days'),
('20000000-0000-0000-0000-000000000009', '10000000-0000-0000-0000-000000000004', 'Lead Data Platform Engineer', 6, 'CLOSED', now() - interval '44 days'),
('20000000-0000-0000-0000-000000000010', '10000000-0000-0000-0000-000000000005', 'Backend Tools Engineer', 4, 'OPEN', now() - interval '43 days');

insert into vacancy_stacks (vacancy_id, stack) values
('20000000-0000-0000-0000-000000000001', 'JAVA'), ('20000000-0000-0000-0000-000000000001', 'SQL'),
('20000000-0000-0000-0000-000000000002', 'REACT'), ('20000000-0000-0000-0000-000000000002', 'SQL'),
('20000000-0000-0000-0000-000000000003', 'REACT'), ('20000000-0000-0000-0000-000000000003', 'JAVA'), ('20000000-0000-0000-0000-000000000003', 'SQL'),
('20000000-0000-0000-0000-000000000004', 'SQL'), ('20000000-0000-0000-0000-000000000004', 'DOTNET'),
('20000000-0000-0000-0000-000000000005', 'PYTHON'), ('20000000-0000-0000-0000-000000000005', 'SQL'),
('20000000-0000-0000-0000-000000000006', 'DOTNET'), ('20000000-0000-0000-0000-000000000006', 'SQL'),
('20000000-0000-0000-0000-000000000007', 'JAVA'), ('20000000-0000-0000-0000-000000000007', 'SQL'),
('20000000-0000-0000-0000-000000000008', 'REACT'),
('20000000-0000-0000-0000-000000000009', 'PYTHON'), ('20000000-0000-0000-0000-000000000009', 'SQL'), ('20000000-0000-0000-0000-000000000009', 'JAVA'),
('20000000-0000-0000-0000-000000000010', 'JAVA'), ('20000000-0000-0000-0000-000000000010', 'PYTHON');

insert into candidates (id, name, email, headline, years_experience, extra_skills, created_at) values
('30000000-0000-0000-0000-000000000001', 'Sofia Ramirez', 'sofia.ramirez@example.com', 'Backend engineer focused on payment APIs', 6, 'Spring Boot, Kafka, observability', now() - interval '42 days'),
('30000000-0000-0000-0000-000000000002', 'Mateo Cruz', 'mateo.cruz@example.com', 'Frontend engineer building product dashboards', 4, 'TypeScript, accessibility, design systems', now() - interval '41 days'),
('30000000-0000-0000-0000-000000000003', 'Camila Ortega', 'camila.ortega@example.com', 'Full stack engineer for healthcare workflows', 5, 'FHIR, React Query, PostgreSQL', now() - interval '40 days'),
('30000000-0000-0000-0000-000000000004', 'Lucas Bennett', 'lucas.bennett@example.com', 'Data applications engineer', 4, 'ETL, reporting, warehouse modeling', now() - interval '39 days'),
('30000000-0000-0000-0000-000000000005', 'Valentina Morales', 'valentina.morales@example.com', 'Analytics engineer with Python and SQL depth', 3, 'dbt, Airflow, product metrics', now() - interval '38 days'),
('30000000-0000-0000-0000-000000000006', 'Nicolas Herrera', 'nicolas.herrera@example.com', '.NET engineer modernizing enterprise services', 7, 'Azure, messaging, distributed systems', now() - interval '37 days'),
('30000000-0000-0000-0000-000000000007', 'Emma Wilson', 'emma.wilson@example.com', 'Backend integration engineer', 4, 'REST APIs, partner integrations, testing', now() - interval '36 days'),
('30000000-0000-0000-0000-000000000008', 'Diego Alvarez', 'diego.alvarez@example.com', 'Junior frontend developer', 1, 'CSS, component libraries, QA support', now() - interval '35 days'),
('30000000-0000-0000-0000-000000000009', 'Priya Shah', 'priya.shah@example.com', 'Lead data platform engineer', 8, 'Spark, governance, platform reliability', now() - interval '34 days'),
('30000000-0000-0000-0000-000000000010', 'Owen Carter', 'owen.carter@example.com', 'Developer tools backend engineer', 5, 'CLI tooling, internal platforms, APIs', now() - interval '33 days'),
('30000000-0000-0000-0000-000000000011', 'Isabella Torres', 'isabella.torres@example.com', 'React engineer with SQL reporting background', 3, 'Storybook, dashboards, customer analytics', now() - interval '32 days'),
('30000000-0000-0000-0000-000000000012', 'Andre Silva', 'andre.silva@example.com', 'Java engineer moving into data products', 2, 'Batch jobs, PostgreSQL, clean architecture', now() - interval '31 days'),
('30000000-0000-0000-0000-000000000013', 'Hannah Kim', 'hannah.kim@example.com', 'Python engineer for operational analytics', 4, 'Pandas, FastAPI, experimentation', now() - interval '30 days'),
('30000000-0000-0000-0000-000000000014', 'Martin Keller', 'martin.keller@example.com', '.NET and SQL engineer for logistics systems', 5, 'T-SQL, integrations, domain modeling', now() - interval '29 days'),
('30000000-0000-0000-0000-000000000015', 'Sara Thompson', 'sara.thompson@example.com', 'Product-minded full stack developer', 2, 'UX collaboration, forms, support tooling', now() - interval '28 days'),
('30000000-0000-0000-0000-000000000016', 'Javier Luna', 'javier.luna@example.com', 'Senior Java engineer with frontend range', 7, 'Spring Security, mentoring, incident response', now() - interval '27 days'),
('30000000-0000-0000-0000-000000000017', 'Mei Chen', 'mei.chen@example.com', 'SQL specialist learning Python automation', 2, 'stored procedures, BI, scripting', now() - interval '26 days'),
('30000000-0000-0000-0000-000000000018', 'Noah Brooks', 'noah.brooks@example.com', 'React developer for SaaS workflows', 5, 'TanStack Query, testing-library, design tokens', now() - interval '25 days'),
('30000000-0000-0000-0000-000000000019', 'Elena Petrova', 'elena.petrova@example.com', 'Backend engineer across Java and .NET stacks', 6, 'microservices, PostgreSQL, team leadership', now() - interval '24 days'),
('30000000-0000-0000-0000-000000000020', 'Rafael Costa', 'rafael.costa@example.com', 'Python developer building data pipelines', 1, 'Airflow basics, SQL tuning, dashboards', now() - interval '23 days');

insert into candidate_stacks (candidate_id, stack) values
('30000000-0000-0000-0000-000000000001', 'JAVA'), ('30000000-0000-0000-0000-000000000001', 'SQL'),
('30000000-0000-0000-0000-000000000002', 'REACT'), ('30000000-0000-0000-0000-000000000002', 'SQL'),
('30000000-0000-0000-0000-000000000003', 'REACT'), ('30000000-0000-0000-0000-000000000003', 'JAVA'), ('30000000-0000-0000-0000-000000000003', 'SQL'),
('30000000-0000-0000-0000-000000000004', 'SQL'), ('30000000-0000-0000-0000-000000000004', 'DOTNET'),
('30000000-0000-0000-0000-000000000005', 'PYTHON'), ('30000000-0000-0000-0000-000000000005', 'SQL'),
('30000000-0000-0000-0000-000000000006', 'DOTNET'), ('30000000-0000-0000-0000-000000000006', 'SQL'),
('30000000-0000-0000-0000-000000000007', 'JAVA'), ('30000000-0000-0000-0000-000000000007', 'SQL'),
('30000000-0000-0000-0000-000000000008', 'REACT'),
('30000000-0000-0000-0000-000000000009', 'PYTHON'), ('30000000-0000-0000-0000-000000000009', 'SQL'), ('30000000-0000-0000-0000-000000000009', 'JAVA'),
('30000000-0000-0000-0000-000000000010', 'JAVA'), ('30000000-0000-0000-0000-000000000010', 'PYTHON'),
('30000000-0000-0000-0000-000000000011', 'REACT'), ('30000000-0000-0000-0000-000000000011', 'SQL'),
('30000000-0000-0000-0000-000000000012', 'JAVA'), ('30000000-0000-0000-0000-000000000012', 'SQL'),
('30000000-0000-0000-0000-000000000013', 'PYTHON'), ('30000000-0000-0000-0000-000000000013', 'SQL'),
('30000000-0000-0000-0000-000000000014', 'DOTNET'), ('30000000-0000-0000-0000-000000000014', 'SQL'),
('30000000-0000-0000-0000-000000000015', 'REACT'), ('30000000-0000-0000-0000-000000000015', 'JAVA'),
('30000000-0000-0000-0000-000000000016', 'JAVA'), ('30000000-0000-0000-0000-000000000016', 'REACT'), ('30000000-0000-0000-0000-000000000016', 'SQL'),
('30000000-0000-0000-0000-000000000017', 'SQL'), ('30000000-0000-0000-0000-000000000017', 'PYTHON'),
('30000000-0000-0000-0000-000000000018', 'REACT'), ('30000000-0000-0000-0000-000000000018', 'SQL'),
('30000000-0000-0000-0000-000000000019', 'JAVA'), ('30000000-0000-0000-0000-000000000019', 'DOTNET'), ('30000000-0000-0000-0000-000000000019', 'SQL'),
('30000000-0000-0000-0000-000000000020', 'PYTHON'), ('30000000-0000-0000-0000-000000000020', 'SQL');

insert into applications (id, candidate_id, vacancy_id, stage, score, created_at) values
('40000000-0000-0000-0000-000000000001', '30000000-0000-0000-0000-000000000001', '20000000-0000-0000-0000-000000000001', 'OFERTA', 100, now() - interval '40 days'),
('40000000-0000-0000-0000-000000000002', '30000000-0000-0000-0000-000000000002', '20000000-0000-0000-0000-000000000002', 'PRUEBA_TECNICA', 100, now() - interval '39 days'),
('40000000-0000-0000-0000-000000000003', '30000000-0000-0000-0000-000000000003', '20000000-0000-0000-0000-000000000003', 'ENTREVISTA', 100, now() - interval '38 days'),
('40000000-0000-0000-0000-000000000004', '30000000-0000-0000-0000-000000000004', '20000000-0000-0000-0000-000000000004', 'RECHAZADO', 100, now() - interval '37 days'),
('40000000-0000-0000-0000-000000000005', '30000000-0000-0000-0000-000000000005', '20000000-0000-0000-0000-000000000005', 'OFERTA', 100, now() - interval '36 days'),
('40000000-0000-0000-0000-000000000006', '30000000-0000-0000-0000-000000000006', '20000000-0000-0000-0000-000000000006', 'ENTREVISTA', 100, now() - interval '35 days'),
('40000000-0000-0000-0000-000000000007', '30000000-0000-0000-0000-000000000007', '20000000-0000-0000-0000-000000000007', 'PRUEBA_TECNICA', 100, now() - interval '34 days'),
('40000000-0000-0000-0000-000000000008', '30000000-0000-0000-0000-000000000008', '20000000-0000-0000-0000-000000000008', 'POSTULADO', 100, now() - interval '33 days'),
('40000000-0000-0000-0000-000000000009', '30000000-0000-0000-0000-000000000009', '20000000-0000-0000-0000-000000000009', 'OFERTA', 100, now() - interval '32 days'),
('40000000-0000-0000-0000-000000000010', '30000000-0000-0000-0000-000000000010', '20000000-0000-0000-0000-000000000010', 'ENTREVISTA', 100, now() - interval '31 days'),
('40000000-0000-0000-0000-000000000011', '30000000-0000-0000-0000-000000000011', '20000000-0000-0000-0000-000000000003', 'POSTULADO', 69, now() - interval '30 days'),
('40000000-0000-0000-0000-000000000012', '30000000-0000-0000-0000-000000000012', '20000000-0000-0000-0000-000000000001', 'RECHAZADO', 85, now() - interval '29 days'),
('40000000-0000-0000-0000-000000000013', '30000000-0000-0000-0000-000000000013', '20000000-0000-0000-0000-000000000005', 'PRUEBA_TECNICA', 100, now() - interval '28 days'),
('40000000-0000-0000-0000-000000000014', '30000000-0000-0000-0000-000000000014', '20000000-0000-0000-0000-000000000006', 'POSTULADO', 100, now() - interval '27 days'),
('40000000-0000-0000-0000-000000000015', '30000000-0000-0000-0000-000000000015', '20000000-0000-0000-0000-000000000002', 'ENTREVISTA', 54, now() - interval '26 days'),
('40000000-0000-0000-0000-000000000016', '30000000-0000-0000-0000-000000000016', '20000000-0000-0000-0000-000000000003', 'PRUEBA_TECNICA', 100, now() - interval '25 days'),
('40000000-0000-0000-0000-000000000017', '30000000-0000-0000-0000-000000000017', '20000000-0000-0000-0000-000000000004', 'POSTULADO', 50, now() - interval '24 days'),
('40000000-0000-0000-0000-000000000018', '30000000-0000-0000-0000-000000000018', '20000000-0000-0000-0000-000000000008', 'ENTREVISTA', 100, now() - interval '23 days'),
('40000000-0000-0000-0000-000000000019', '30000000-0000-0000-0000-000000000019', '20000000-0000-0000-0000-000000000006', 'POSTULADO', 100, now() - interval '22 days'),
('40000000-0000-0000-0000-000000000020', '30000000-0000-0000-0000-000000000020', '20000000-0000-0000-0000-000000000005', 'POSTULADO', 83, now() - interval '21 days'),
('40000000-0000-0000-0000-000000000021', '30000000-0000-0000-0000-000000000001', '20000000-0000-0000-0000-000000000010', 'POSTULADO', 63, now() - interval '20 days'),
('40000000-0000-0000-0000-000000000022', '30000000-0000-0000-0000-000000000002', '20000000-0000-0000-0000-000000000008', 'RECHAZADO', 100, now() - interval '19 days'),
('40000000-0000-0000-0000-000000000023', '30000000-0000-0000-0000-000000000003', '20000000-0000-0000-0000-000000000001', 'ENTREVISTA', 100, now() - interval '18 days'),
('40000000-0000-0000-0000-000000000024', '30000000-0000-0000-0000-000000000004', '20000000-0000-0000-0000-000000000007', 'POSTULADO', 100, now() - interval '17 days'),
('40000000-0000-0000-0000-000000000025', '30000000-0000-0000-0000-000000000005', '20000000-0000-0000-0000-000000000009', 'PRUEBA_TECNICA', 63, now() - interval '16 days'),
('40000000-0000-0000-0000-000000000026', '30000000-0000-0000-0000-000000000006', '20000000-0000-0000-0000-000000000004', 'ENTREVISTA', 100, now() - interval '15 days'),
('40000000-0000-0000-0000-000000000027', '30000000-0000-0000-0000-000000000007', '20000000-0000-0000-0000-000000000010', 'POSTULADO', 63, now() - interval '14 days'),
('40000000-0000-0000-0000-000000000028', '30000000-0000-0000-0000-000000000008', '20000000-0000-0000-0000-000000000002', 'POSTULADO', 46, now() - interval '13 days'),
('40000000-0000-0000-0000-000000000029', '30000000-0000-0000-0000-000000000009', '20000000-0000-0000-0000-000000000005', 'ENTREVISTA', 100, now() - interval '12 days'),
('40000000-0000-0000-0000-000000000030', '30000000-0000-0000-0000-000000000010', '20000000-0000-0000-0000-000000000001', 'RECHAZADO', 63, now() - interval '11 days');

insert into stage_events (id, application_id, from_stage, to_stage, by_user_id, note, created_at)
select gen_random_uuid(), id, null, 'POSTULADO', '00000000-0000-0000-0000-000000000002', 'Application received and screened into the pipeline.', created_at
from applications;

insert into stage_events (id, application_id, from_stage, to_stage, by_user_id, note, created_at) values
(gen_random_uuid(), '40000000-0000-0000-0000-000000000001', 'POSTULADO', 'ENTREVISTA', '00000000-0000-0000-0000-000000000002', 'Strong API background; moved to recruiter screen.', now() - interval '38 days'),
(gen_random_uuid(), '40000000-0000-0000-0000-000000000001', 'ENTREVISTA', 'PRUEBA_TECNICA', '00000000-0000-0000-0000-000000000002', 'Clear communication and relevant Spring experience.', now() - interval '36 days'),
(gen_random_uuid(), '40000000-0000-0000-0000-000000000001', 'PRUEBA_TECNICA', 'OFERTA', '00000000-0000-0000-0000-000000000001', 'Technical exercise met expectations.', now() - interval '32 days'),
(gen_random_uuid(), '40000000-0000-0000-0000-000000000002', 'POSTULADO', 'ENTREVISTA', '00000000-0000-0000-0000-000000000002', 'Product dashboard work matches role.', now() - interval '37 days'),
(gen_random_uuid(), '40000000-0000-0000-0000-000000000002', 'ENTREVISTA', 'PRUEBA_TECNICA', '00000000-0000-0000-0000-000000000002', 'Advanced to take-home UI exercise.', now() - interval '34 days'),
(gen_random_uuid(), '40000000-0000-0000-0000-000000000003', 'POSTULADO', 'ENTREVISTA', '00000000-0000-0000-0000-000000000002', 'Healthcare workflow experience is relevant.', now() - interval '36 days'),
(gen_random_uuid(), '40000000-0000-0000-0000-000000000004', 'POSTULADO', 'ENTREVISTA', '00000000-0000-0000-0000-000000000002', 'Good SQL and .NET screen.', now() - interval '35 days'),
(gen_random_uuid(), '40000000-0000-0000-0000-000000000004', 'ENTREVISTA', 'RECHAZADO', '00000000-0000-0000-0000-000000000001', 'Compensation range did not align.', now() - interval '31 days'),
(gen_random_uuid(), '40000000-0000-0000-0000-000000000005', 'POSTULADO', 'ENTREVISTA', '00000000-0000-0000-0000-000000000002', 'Analytics background is a close match.', now() - interval '34 days'),
(gen_random_uuid(), '40000000-0000-0000-0000-000000000005', 'ENTREVISTA', 'PRUEBA_TECNICA', '00000000-0000-0000-0000-000000000002', 'Moved to SQL and Python exercise.', now() - interval '32 days'),
(gen_random_uuid(), '40000000-0000-0000-0000-000000000005', 'PRUEBA_TECNICA', 'OFERTA', '00000000-0000-0000-0000-000000000001', 'Exercise showed strong practical judgment.', now() - interval '27 days'),
(gen_random_uuid(), '40000000-0000-0000-0000-000000000006', 'POSTULADO', 'ENTREVISTA', '00000000-0000-0000-0000-000000000002', 'Enterprise modernization background fits.', now() - interval '33 days'),
(gen_random_uuid(), '40000000-0000-0000-0000-000000000007', 'POSTULADO', 'ENTREVISTA', '00000000-0000-0000-0000-000000000002', 'Integration experience is strong.', now() - interval '32 days'),
(gen_random_uuid(), '40000000-0000-0000-0000-000000000007', 'ENTREVISTA', 'PRUEBA_TECNICA', '00000000-0000-0000-0000-000000000002', 'Advanced to integration design exercise.', now() - interval '29 days'),
(gen_random_uuid(), '40000000-0000-0000-0000-000000000009', 'POSTULADO', 'ENTREVISTA', '00000000-0000-0000-0000-000000000002', 'Senior platform profile.', now() - interval '30 days'),
(gen_random_uuid(), '40000000-0000-0000-0000-000000000009', 'ENTREVISTA', 'PRUEBA_TECNICA', '00000000-0000-0000-0000-000000000002', 'Moved to architecture review.', now() - interval '27 days'),
(gen_random_uuid(), '40000000-0000-0000-0000-000000000009', 'PRUEBA_TECNICA', 'OFERTA', '00000000-0000-0000-0000-000000000001', 'Leadership and platform depth stood out.', now() - interval '22 days'),
(gen_random_uuid(), '40000000-0000-0000-0000-000000000010', 'POSTULADO', 'ENTREVISTA', '00000000-0000-0000-0000-000000000002', 'Internal platform experience is relevant.', now() - interval '29 days'),
(gen_random_uuid(), '40000000-0000-0000-0000-000000000012', 'POSTULADO', 'RECHAZADO', '00000000-0000-0000-0000-000000000002', 'Promising but too junior for this backend opening.', now() - interval '25 days'),
(gen_random_uuid(), '40000000-0000-0000-0000-000000000013', 'POSTULADO', 'ENTREVISTA', '00000000-0000-0000-0000-000000000002', 'Strong Python analytics screen.', now() - interval '26 days'),
(gen_random_uuid(), '40000000-0000-0000-0000-000000000013', 'ENTREVISTA', 'PRUEBA_TECNICA', '00000000-0000-0000-0000-000000000002', 'Advanced to data exercise.', now() - interval '23 days'),
(gen_random_uuid(), '40000000-0000-0000-0000-000000000015', 'POSTULADO', 'ENTREVISTA', '00000000-0000-0000-0000-000000000002', 'Good product sense; stack fit needs validation.', now() - interval '23 days'),
(gen_random_uuid(), '40000000-0000-0000-0000-000000000016', 'POSTULADO', 'ENTREVISTA', '00000000-0000-0000-0000-000000000002', 'Senior Java and React profile.', now() - interval '22 days'),
(gen_random_uuid(), '40000000-0000-0000-0000-000000000016', 'ENTREVISTA', 'PRUEBA_TECNICA', '00000000-0000-0000-0000-000000000002', 'Moved to full stack exercise.', now() - interval '19 days'),
(gen_random_uuid(), '40000000-0000-0000-0000-000000000018', 'POSTULADO', 'ENTREVISTA', '00000000-0000-0000-0000-000000000002', 'Strong SaaS UI background.', now() - interval '20 days'),
(gen_random_uuid(), '40000000-0000-0000-0000-000000000022', 'POSTULADO', 'RECHAZADO', '00000000-0000-0000-0000-000000000002', 'Candidate accepted another offer.', now() - interval '15 days'),
(gen_random_uuid(), '40000000-0000-0000-0000-000000000023', 'POSTULADO', 'ENTREVISTA', '00000000-0000-0000-0000-000000000002', 'Full stack health experience maps well.', now() - interval '16 days'),
(gen_random_uuid(), '40000000-0000-0000-0000-000000000025', 'POSTULADO', 'ENTREVISTA', '00000000-0000-0000-0000-000000000002', 'Good analytics depth; platform scope to test.', now() - interval '14 days'),
(gen_random_uuid(), '40000000-0000-0000-0000-000000000025', 'ENTREVISTA', 'PRUEBA_TECNICA', '00000000-0000-0000-0000-000000000002', 'Moved to data-platform exercise.', now() - interval '11 days'),
(gen_random_uuid(), '40000000-0000-0000-0000-000000000026', 'POSTULADO', 'ENTREVISTA', '00000000-0000-0000-0000-000000000002', 'Good fit for SQL-heavy applications.', now() - interval '13 days'),
(gen_random_uuid(), '40000000-0000-0000-0000-000000000029', 'POSTULADO', 'ENTREVISTA', '00000000-0000-0000-0000-000000000002', 'Senior data profile worth screening.', now() - interval '10 days'),
(gen_random_uuid(), '40000000-0000-0000-0000-000000000030', 'POSTULADO', 'RECHAZADO', '00000000-0000-0000-0000-000000000002', 'Backend tool role needs deeper Java experience.', now() - interval '8 days');

insert into interviews (id, application_id, scheduled_at, kind, notes, rating, by_user_id, created_at) values
(gen_random_uuid(), '40000000-0000-0000-0000-000000000001', now() - interval '37 days', 'PHONE', 'Clear motivation for fintech and strong ownership examples.', 5, '00000000-0000-0000-0000-000000000002', now() - interval '37 days'),
(gen_random_uuid(), '40000000-0000-0000-0000-000000000001', now() - interval '34 days', 'TECHNICAL', 'Designed idempotent payment retries with good tradeoffs.', 5, '00000000-0000-0000-0000-000000000001', now() - interval '34 days'),
(gen_random_uuid(), '40000000-0000-0000-0000-000000000002', now() - interval '36 days', 'PHONE', 'Strong product mindset and accessibility awareness.', 4, '00000000-0000-0000-0000-000000000002', now() - interval '36 days'),
(gen_random_uuid(), '40000000-0000-0000-0000-000000000003', now() - interval '35 days', 'PHONE', 'Understands healthcare workflow constraints.', 4, '00000000-0000-0000-0000-000000000002', now() - interval '35 days'),
(gen_random_uuid(), '40000000-0000-0000-0000-000000000004', now() - interval '34 days', 'PHONE', 'Technically solid but compensation mismatch surfaced early.', 3, '00000000-0000-0000-0000-000000000002', now() - interval '34 days'),
(gen_random_uuid(), '40000000-0000-0000-0000-000000000005', now() - interval '33 days', 'TECHNICAL', 'Practical SQL modeling and Python pipeline approach.', 5, '00000000-0000-0000-0000-000000000001', now() - interval '33 days'),
(gen_random_uuid(), '40000000-0000-0000-0000-000000000006', now() - interval '32 days', 'PHONE', 'Good Azure and service modernization examples.', 4, '00000000-0000-0000-0000-000000000002', now() - interval '32 days'),
(gen_random_uuid(), '40000000-0000-0000-0000-000000000007', now() - interval '30 days', 'TECHNICAL', 'Integration design was structured and pragmatic.', 4, '00000000-0000-0000-0000-000000000001', now() - interval '30 days'),
(gen_random_uuid(), '40000000-0000-0000-0000-000000000009', now() - interval '26 days', 'FINAL', 'Strong platform leadership; ready for offer conversation.', 5, '00000000-0000-0000-0000-000000000001', now() - interval '26 days'),
(gen_random_uuid(), '40000000-0000-0000-0000-000000000013', now() - interval '22 days', 'TECHNICAL', 'Solid data wrangling and testing instincts.', 4, '00000000-0000-0000-0000-000000000001', now() - interval '22 days'),
(gen_random_uuid(), '40000000-0000-0000-0000-000000000016', now() - interval '18 days', 'TECHNICAL', 'Balanced backend and frontend decisions well.', 5, '00000000-0000-0000-0000-000000000001', now() - interval '18 days'),
(gen_random_uuid(), '40000000-0000-0000-0000-000000000029', now() - interval '9 days', 'PHONE', 'Excellent seniority, wants more platform scope.', 4, '00000000-0000-0000-0000-000000000002', now() - interval '9 days');
